{
  "selected_hidden_units": [
    6,
    12,
    15,
    13,
    7,
    9
  ],
  "thresholds": [
    -0.3331693410873413,
    -0.7569149732589722,
    -0.14772507548332214,
    0.7562374472618103,
    0.7477206587791443,
    -0.7587357759475708
  ],
  "rows_collected": 2880,
  "mean_reward": 0.031,
  "mean_value_prediction": 0.028982014214206073,
  "selected_unit_variance": [
    0.30151012539863586,
    0.25762298703193665,
    0.2916243374347687,
    0.2507860064506531,
    0.2154698222875595,
    0.20392295718193054
  ],
  "phi_by_segment": {
    "all_transitions": {
      "phi_proxy_mean": 0.1712465547903086,
      "phi_proxy_visit_weighted": 0.5957917767814347,
      "best_partition_counts": {
        "((0, 1, 3), (2, 4, 5))": 4,
        "((0, 2), (1, 3, 4, 5))": 8,
        "((0, 2, 5), (1, 3, 4))": 5,
        "((0,), (1, 2, 3, 4, 5))": 34,
        "((0, 1, 4), (2, 3, 5))": 2,
        "((0, 2, 3), (1, 4, 5))": 3,
        "((0, 2, 4), (1, 3, 5))": 2,
        "((0, 1, 2), (3, 4, 5))": 2,
        "((0, 3, 5), (1, 2, 4))": 1,
        "((0, 1, 5), (2, 3, 4))": 1,
        "((0, 1), (2, 3, 4, 5))": 1,
        "((0, 3), (1, 2, 4, 5))": 1
      }
    },
    "ordinary_transitions": {
      "phi_proxy_mean": 0.023262888469399206,
      "phi_proxy_visit_weighted": 0.18298928003580578,
      "best_partition_counts": {
        "((0, 1), (2, 3, 4, 5))": 28,
        "((0,), (1, 2, 3, 4, 5))": 14,
        "((0, 4), (1, 2, 3, 5))": 3,
        "((0, 3), (1, 2, 4, 5))": 9,
        "((0, 2), (1, 3, 4, 5))": 9,
        "((0, 4, 5), (1, 2, 3))": 1
      }
    },
    "conflict_or_negative_transitions": {
      "phi_proxy_mean": 0.18639296008170808,
      "phi_proxy_visit_weighted": 0.6572007435484872,
      "best_partition_counts": {
        "((0, 1, 3), (2, 4, 5))": 4,
        "((0, 2), (1, 3, 4, 5))": 8,
        "((0, 2, 5), (1, 3, 4))": 5,
        "((0,), (1, 2, 3, 4, 5))": 28,
        "((0, 1, 4), (2, 3, 5))": 2,
        "((0, 3), (1, 2, 4, 5))": 2,
        "((0, 1), (2, 3, 4, 5))": 5,
        "((0, 2, 3), (1, 4, 5))": 4,
        "((0, 1, 2), (3, 4, 5))": 2,
        "((0, 3, 5), (1, 2, 4))": 1,
        "((0, 4, 5), (1, 2, 3))": 1,
        "((0, 1, 5), (2, 3, 4))": 1,
        "((0, 2, 4), (1, 3, 5))": 1
      }
    }
  },
  "note": "Empirical partition-KL integration on binarized trained hidden states; not official IIT Phi.",
  "mean_training_reward_last_100": 0.30099999999999993,
  "mean_training_policy_accuracy_last_100": 1.0,
  "mean_training_loss_last_100": 0.01610361909959465
}