{
  "reflex_only": {
    "phi_proxy": -6.000076854592252e-18,
    "best_partition_counts": {
      "13": 192,
      "33": 64
    },
    "note": "Exact for this toy Phi proxy, not official IIT Phi."
  },
  "reflex_valence": {
    "phi_proxy": -1.4687523604706521e-16,
    "best_partition_counts": {
      "33": 256
    },
    "note": "Exact for this toy Phi proxy, not official IIT Phi."
  },
  "valence_memory": {
    "phi_proxy": 8.952650174785077e-17,
    "best_partition_counts": {
      "33": 256
    },
    "note": "Exact for this toy Phi proxy, not official IIT Phi."
  },
  "valence_imagination": {
    "phi_proxy": 0.0289322014369525,
    "best_partition_counts": {
      "0": 8,
      "3": 16,
      "7": 16,
      "8": 16,
      "13": 8,
      "19": 16,
      "29": 16,
      "30": 8,
      "33": 16,
      "34": 16,
      "37": 16,
      "38": 8,
      "40": 16,
      "47": 8,
      "48": 16,
      "54": 8,
      "60": 32,
      "61": 16
    },
    "note": "Exact for this toy Phi proxy, not official IIT Phi."
  },
  "gated_imagination": {
    "phi_proxy": 0.027645714425378373,
    "best_partition_counts": {
      "0": 8,
      "1": 20,
      "2": 12,
      "4": 8,
      "5": 36,
      "7": 16,
      "8": 4,
      "11": 8,
      "14": 4,
      "15": 4,
      "16": 4,
      "18": 8,
      "19": 16,
      "23": 4,
      "26": 20,
      "27": 4,
      "29": 28,
      "33": 8,
      "34": 4,
      "40": 4,
      "41": 8,
      "42": 4,
      "44": 4,
      "47": 4,
      "60": 16
    },
    "note": "Exact for this toy Phi proxy, not official IIT Phi."
  },
  "recurrent_gated_imagination": {
    "phi_proxy": 0.02327468244497458,
    "best_partition_counts": {
      "0": 12,
      "1": 16,
      "2": 8,
      "4": 16,
      "5": 20,
      "7": 12,
      "8": 4,
      "11": 16,
      "14": 4,
      "16": 4,
      "18": 8,
      "19": 4,
      "23": 4,
      "26": 28,
      "27": 4,
      "29": 24,
      "33": 12,
      "34": 4,
      "40": 4,
      "42": 4,
      "44": 8,
      "47": 4,
      "48": 4,
      "50": 4,
      "54": 12,
      "60": 8,
      "61": 4,
      "63": 4
    },
    "note": "Exact for this toy Phi proxy, not official IIT Phi."
  },
  "self_model_loop": {
    "phi_proxy": 0.028075504323445393,
    "best_partition_counts": {
      "0": 38,
      "1": 10,
      "2": 10,
      "4": 6,
      "5": 26,
      "6": 34,
      "7": 22,
      "8": 2,
      "10": 2,
      "11": 4,
      "12": 14,
      "14": 2,
      "16": 2,
      "17": 4,
      "19": 6,
      "24": 18,
      "26": 2,
      "27": 4,
      "28": 10,
      "31": 2,
      "33": 4,
      "41": 4,
      "44": 4,
      "46": 2,
      "47": 4,
      "48": 6,
      "50": 2,
      "55": 6,
      "63": 6
    },
    "note": "Exact for this toy Phi proxy, not official IIT Phi."
  },
  "counterfactual_self_imagination": {
    "phi_proxy": 0.0252766213842679,
    "best_partition_counts": {
      "0": 42,
      "1": 2,
      "2": 12,
      "4": 8,
      "5": 32,
      "6": 52,
      "7": 6,
      "8": 2,
      "11": 2,
      "12": 16,
      "16": 2,
      "17": 12,
      "19": 2,
      "24": 8,
      "26": 28,
      "27": 4,
      "28": 14,
      "31": 2,
      "33": 4,
      "41": 2,
      "43": 2,
      "56": 2
    },
    "note": "Exact for this toy Phi proxy, not official IIT Phi."
  },
  "counterfactual_imagined_valence": {
    "phi_proxy": 0.02435191934831267,
    "best_partition_counts": {
      "0": 106,
      "1": 12,
      "2": 37,
      "4": 23,
      "5": 15,
      "6": 3,
      "7": 29,
      "8": 1,
      "11": 4,
      "13": 1,
      "15": 2,
      "17": 3,
      "18": 2,
      "21": 2,
      "26": 2,
      "31": 3,
      "32": 4,
      "34": 1,
      "42": 1,
      "51": 1,
      "53": 1,
      "54": 1,
      "55": 1,
      "60": 1
    },
    "note": "Exact for this toy Phi proxy, not official IIT Phi."
  },
  "recursive_inner_world": {
    "phi_proxy": 0.021436902504619645,
    "best_partition_counts": {
      "0": 101,
      "1": 14,
      "2": 33,
      "4": 27,
      "5": 16,
      "6": 4,
      "7": 28,
      "8": 1,
      "11": 5,
      "12": 1,
      "13": 1,
      "15": 2,
      "17": 4,
      "18": 4,
      "21": 2,
      "26": 2,
      "31": 2,
      "32": 3,
      "42": 1,
      "53": 1,
      "54": 1,
      "55": 2,
      "60": 1
    },
    "note": "Exact for this toy Phi proxy, not official IIT Phi."
  },
  "node_order": [
    "sense",
    "memory",
    "valence",
    "imagination",
    "confidence",
    "self",
    "imagined_valence",
    "action"
  ],
  "interpretation": "If imagination raises the proxy, it suggests richer irreducible causal routing in this toy definition. It does not prove subjective experience or official IIT Phi."
}