{
  "seeds": [
    101,
    198,
    295,
    392,
    489,
    586,
    683,
    780,
    877,
    974,
    1071,
    1168,
    1265,
    1362,
    1459,
    1556,
    1653,
    1750,
    1847,
    1944,
    2041,
    2138,
    2235,
    2332
  ],
  "carrier_label_hz": 40,
  "trainable_parameters_per_policy": 12,
  "stages": {
    "initial": {
      "binding": {
        "mean": 0.011021205194992945,
        "std": 0.012651140753954333,
        "min": 0.0009298950899392366,
        "max": 0.05033796653151512
      },
      "multiplexing": {
        "mean": 0.046926856807355456,
        "std": 0.06590803018320174,
        "min": 0.0016222619451582432,
        "max": 0.2677556574344635
      },
      "mean_utility": {
        "mean": 0.02897403085080441,
        "std": 0.03407716467008178,
        "min": 0.0018940652953460813,
        "max": 0.13705922663211823
      }
    },
    "learned": {
      "binding": {
        "mean": 0.9999992599089941,
        "std": 2.7901704583474336e-06,
        "min": 0.9999861717224121,
        "max": 1.0
      },
      "multiplexing": {
        "mean": 0.9999847933650017,
        "std": 1.1799380697481026e-05,
        "min": 0.9999727010726929,
        "max": 0.9999995827674866
      },
      "mean_utility": {
        "mean": 0.9999920278787613,
        "std": 6.360107408535199e-06,
        "min": 0.9999794363975525,
        "max": 0.9999997615814209
      }
    },
    "scrambled": {
      "binding": {
        "mean": 0.018126166485253635,
        "std": 0.0027428375607870567,
        "min": 0.012357162379485089,
        "max": 0.023924096787668533
      },
      "multiplexing": {
        "mean": 0.08076622090061723,
        "std": 0.004895751186256673,
        "min": 0.07331308662784068,
        "max": 0.0900058974660351
      },
      "mean_utility": {
        "mean": 0.049446193689582287,
        "std": 0.0026740946269466427,
        "min": 0.04545389998835162,
        "max": 0.05539818178120186
      }
    },
    "restored": {
      "binding": {
        "mean": 0.9999992599089941,
        "std": 2.7901704583474336e-06,
        "min": 0.9999861717224121,
        "max": 1.0
      },
      "multiplexing": {
        "mean": 0.9999847933650017,
        "std": 1.1799380697481026e-05,
        "min": 0.9999727010726929,
        "max": 0.9999995827674866
      },
      "mean_utility": {
        "mean": 0.9999920278787613,
        "std": 6.360107408535199e-06,
        "min": 0.9999794363975525,
        "max": 0.9999997615814209
      }
    },
    "global_rotation": {
      "binding": {
        "mean": 0.9999992425243059,
        "std": 2.786434569521561e-06,
        "min": 0.9999861717224121,
        "max": 1.0
      },
      "multiplexing": {
        "mean": 0.9999848157167435,
        "std": 1.1806211409411422e-05,
        "min": 0.9999727010726929,
        "max": 0.9999997019767761
      },
      "mean_utility": {
        "mean": 0.9999920278787613,
        "std": 6.351114984562492e-06,
        "min": 0.9999794363975525,
        "max": 0.9999997615814209
      }
    },
    "frequency_mismatch": {
      "binding": {
        "mean": 0.12948021642417493,
        "std": 2.6543023821959603e-06,
        "min": 0.12947837954561692,
        "max": 0.12949257397849578
      },
      "multiplexing": {
        "mean": 0.15717097318626352,
        "std": 0.010747274942607977,
        "min": 0.14207466398875113,
        "max": 0.16702317654744547
      },
      "mean_utility": {
        "mean": 0.14332559502872755,
        "std": 0.0053738600829503855,
        "min": 0.13577719622844597,
        "max": 0.1482578750801622
      }
    }
  },
  "learned_phase_structure": {
    "binding_order_parameter": {
      "mean": 0.9999999205271403,
      "std": 3.1425330952886687e-07,
      "min": 0.9999984502792358,
      "max": 1.0
    },
    "multiplex_group_a_order": {
      "mean": 0.9999999875823656,
      "std": 2.4727053463402597e-08,
      "min": 0.9999999403953552,
      "max": 1.0
    },
    "multiplex_group_b_order": {
      "mean": 0.999999982615312,
      "std": 5.118088247153288e-08,
      "min": 0.9999997615814209,
      "max": 1.0
    },
    "multiplex_separation_fraction_of_pi": {
      "mean": 0.8140114287398662,
      "std": 0.08597106758725324,
      "min": 0.7455873404750419,
      "max": 0.9831189699113013
    }
  },
  "no_bottleneck_control": {
    "multiplex_separation_fraction_of_pi": {
      "mean": 0.5527761311995261,
      "std": 0.2941730264421594,
      "min": 0.030903115008731913,
      "max": 0.9827950292171658
    },
    "multiplex_collision": {
      "mean": 0.14383567036639397,
      "std": 0.28848758713951694,
      "min": 1.7046619404936791e-07,
      "max": 0.9796057343482971
    }
  },
  "bottleneck_comparison": {
    "multiplex_collision": {
      "mean": 1.4970068300830993e-05,
      "std": 1.1855144645820133e-05,
      "min": 1.7010097508318722e-07,
      "max": 2.7197564122616313e-05
    },
    "paired_separation_gain_fraction_of_pi": {
      "mean": 0.2612352975403402,
      "std": 0.2684143105196892,
      "min": 0.000158346552258104,
      "max": 0.7687289877300049
    },
    "paired_collision_reduction": {
      "mean": 0.14382070029809313,
      "std": 0.288489709549545,
      "min": 3.0105695714155445e-10,
      "max": 0.9795820759300113
    }
  },
  "causal_contrasts": {
    "learned_minus_initial_utility": 0.9710179970279569,
    "learned_minus_scrambled_utility": 0.950545834189179,
    "restoration_gap": 0.0,
    "global_rotation_gap": 0.0
  },
  "interpretation": {
    "supported": "Reward optimization discovered context-specific relative phase protocols that are causally necessary for routing utility in this bus.",
    "not_supported": "Biological gamma, a privileged 40 Hz frequency, electromagnetic consciousness, or phenomenal experience."
  }
}
