{
  "design": {
    "training": "policy gradient from scalar structural reward; no target rhythm sequences",
    "durations_beats": [
      0.25,
      0.5,
      1.0,
      2.0
    ],
    "updates": 450,
    "seeds": 3,
    "claim_boundary": "Reward-learned symbolic timing under engineered musical objectives; not unconstrained emergent musical understanding."
  },
  "fixed_eighths": {
    "total": 0.34999993443489075,
    "bar_alignment": 1.0,
    "diversity": 0.0,
    "groove": 0.0,
    "motif_recall": 0.0,
    "development": 0.0,
    "duration_distribution": {
      "0.25": 0.0,
      "0.5": 1.0,
      "1.0": 0.0,
      "2.0": 0.0
    }
  },
  "weighted_random": {
    "total": 0.47295647859573364,
    "bar_alignment": 0.3406490385532379,
    "diversity": 0.912841796875,
    "groove": 0.5659324526786804,
    "motif_recall": 0.330322265625,
    "development": 0.34213095903396606,
    "duration_distribution": {
      "0.25": 0.178497314453125,
      "0.5": 0.520111083984375,
      "1.0": 0.240875244140625,
      "2.0": 0.060516357421875
    }
  },
  "learned": {
    "total": 0.5758342742919922,
    "bar_alignment": 0.505050003528595,
    "diversity": 0.973876953125,
    "groove": 0.6021757125854492,
    "motif_recall": 0.4046630859375,
    "development": 0.4639185667037964,
    "duration_distribution": {
      "0.25": 0.394012451171875,
      "0.5": 0.316650390625,
      "1.0": 0.243682861328125,
      "2.0": 0.045654296875
    }
  },
  "hidden_reset": {
    "total": 0.4436960816383362,
    "bar_alignment": 0.3064407706260681,
    "diversity": 0.967041015625,
    "groove": 0.5089169144630432,
    "motif_recall": 0.2913818359375,
    "development": 0.24108241498470306,
    "duration_distribution": {
      "0.25": 0.309661865234375,
      "0.5": 0.32745361328125,
      "1.0": 0.269866943359375,
      "2.0": 0.093017578125
    }
  },
  "seed_evaluations": [
    {
      "total": 0.5708467960357666,
      "bar_alignment": 0.5054453015327454,
      "diversity": 0.9713134765625,
      "groove": 0.597522497177124,
      "motif_recall": 0.40313720703125,
      "development": 0.4272975027561188,
      "duration_distribution": {
        "0.25": 0.393585205078125,
        "0.5": 0.31585693359375,
        "1.0": 0.24493408203125,
        "2.0": 0.045623779296875
      }
    },
    {
      "total": 0.5470207929611206,
      "bar_alignment": 0.48890817165374756,
      "diversity": 0.9757080078125,
      "groove": 0.5761718153953552,
      "motif_recall": 0.3544921875,
      "development": 0.38078227639198303,
      "duration_distribution": {
        "0.25": 0.3865966796875,
        "0.5": 0.312286376953125,
        "1.0": 0.25537109375,
        "2.0": 0.045745849609375
      }
    },
    {
      "total": 0.5494599342346191,
      "bar_alignment": 0.5133006572723389,
      "diversity": 0.970703125,
      "groove": 0.5838912725448608,
      "motif_recall": 0.3397216796875,
      "development": 0.35197368264198303,
      "duration_distribution": {
        "0.25": 0.3951416015625,
        "0.5": 0.331756591796875,
        "1.0": 0.227508544921875,
        "2.0": 0.04559326171875
      }
    }
  ],
  "training_curves": [
    [
      {
        "update": 1,
        "reward": 0.355734258890152,
        "entropy": 1.3743058443069458
      },
      {
        "update": 26,
        "reward": 0.45476120710372925,
        "entropy": 1.2562600374221802
      },
      {
        "update": 51,
        "reward": 0.45289772748947144,
        "entropy": 1.278720736503601
      },
      {
        "update": 76,
        "reward": 0.4561927914619446,
        "entropy": 1.2822835445404053
      },
      {
        "update": 101,
        "reward": 0.4816426932811737,
        "entropy": 1.2497293949127197
      },
      {
        "update": 126,
        "reward": 0.47994542121887207,
        "entropy": 1.2504303455352783
      },
      {
        "update": 151,
        "reward": 0.47041916847229004,
        "entropy": 1.2575453519821167
      },
      {
        "update": 176,
        "reward": 0.4941464066505432,
        "entropy": 1.2351081371307373
      },
      {
        "update": 201,
        "reward": 0.48563307523727417,
        "entropy": 1.2362006902694702
      },
      {
        "update": 226,
        "reward": 0.49773669242858887,
        "entropy": 1.221452236175537
      },
      {
        "update": 251,
        "reward": 0.4966285824775696,
        "entropy": 1.216444969177246
      },
      {
        "update": 276,
        "reward": 0.5265100598335266,
        "entropy": 1.1811110973358154
      },
      {
        "update": 301,
        "reward": 0.5228701829910278,
        "entropy": 1.2008297443389893
      },
      {
        "update": 326,
        "reward": 0.5289710760116577,
        "entropy": 1.1828008890151978
      },
      {
        "update": 351,
        "reward": 0.5422614216804504,
        "entropy": 1.166874885559082
      },
      {
        "update": 376,
        "reward": 0.5549193620681763,
        "entropy": 1.148852825164795
      },
      {
        "update": 401,
        "reward": 0.5531216859817505,
        "entropy": 1.1371426582336426
      },
      {
        "update": 426,
        "reward": 0.5808795094490051,
        "entropy": 1.1082348823547363
      },
      {
        "update": 450,
        "reward": 0.5715209245681763,
        "entropy": 1.1261115074157715
      }
    ],
    [
      {
        "update": 1,
        "reward": 0.3336997926235199,
        "entropy": 1.3733100891113281
      },
      {
        "update": 26,
        "reward": 0.4568065404891968,
        "entropy": 1.2780210971832275
      },
      {
        "update": 51,
        "reward": 0.4780135750770569,
        "entropy": 1.2590657472610474
      },
      {
        "update": 76,
        "reward": 0.4654853343963623,
        "entropy": 1.271491289138794
      },
      {
        "update": 101,
        "reward": 0.48151421546936035,
        "entropy": 1.2541744709014893
      },
      {
        "update": 126,
        "reward": 0.46817341446876526,
        "entropy": 1.2565854787826538
      },
      {
        "update": 151,
        "reward": 0.4946992099285126,
        "entropy": 1.2304530143737793
      },
      {
        "update": 176,
        "reward": 0.4960479736328125,
        "entropy": 1.2338624000549316
      },
      {
        "update": 201,
        "reward": 0.47398146986961365,
        "entropy": 1.2605345249176025
      },
      {
        "update": 226,
        "reward": 0.48538073897361755,
        "entropy": 1.2471745014190674
      },
      {
        "update": 251,
        "reward": 0.4954533278942108,
        "entropy": 1.2293599843978882
      },
      {
        "update": 276,
        "reward": 0.4955219030380249,
        "entropy": 1.2254332304000854
      },
      {
        "update": 301,
        "reward": 0.5297443270683289,
        "entropy": 1.1952450275421143
      },
      {
        "update": 326,
        "reward": 0.5211247205734253,
        "entropy": 1.1917933225631714
      },
      {
        "update": 351,
        "reward": 0.5403033494949341,
        "entropy": 1.1711444854736328
      },
      {
        "update": 376,
        "reward": 0.5167526602745056,
        "entropy": 1.1987905502319336
      },
      {
        "update": 401,
        "reward": 0.5268203020095825,
        "entropy": 1.1825695037841797
      },
      {
        "update": 426,
        "reward": 0.538892388343811,
        "entropy": 1.179004192352295
      },
      {
        "update": 450,
        "reward": 0.5395693778991699,
        "entropy": 1.1577751636505127
      }
    ],
    [
      {
        "update": 1,
        "reward": 0.34027594327926636,
        "entropy": 1.3813567161560059
      },
      {
        "update": 26,
        "reward": 0.4421364367008209,
        "entropy": 1.2851699590682983
      },
      {
        "update": 51,
        "reward": 0.46969521045684814,
        "entropy": 1.2724272012710571
      },
      {
        "update": 76,