{
  "protocol": {
    "seeds": [
      31,
      47,
      59
    ],
    "episodes_per_family_seed": 6,
    "episodes": 108
  },
  "raw": {
    "success_rate": 0.9074074074074074,
    "mean_steps": 102.19444444444444,
    "mean_collisions": 0.0,
    "mean_path_length": 44.96555555555548,
    "mean_revisit_ratio": 0.19990627522671134,
    "mean_reversals": 1.5555555555555556,
    "by_family": {
      "u_trap": {
        "success_rate": 1.0,
        "mean_collisions": 0.0
      },
      "c_shape": {
        "success_rate": 0.8888888888888888,
        "mean_collisions": 0.0
      },
      "l_wall": {
        "success_rate": 0.9444444444444444,
        "mean_collisions": 0.0
      },
      "zigzag_gate": {
        "success_rate": 0.7777777777777778,
        "mean_collisions": 0.0
      },
      "offset_barriers": {
        "success_rate": 0.8888888888888888,
        "mean_collisions": 0.0
      },
      "narrow_corridor": {
        "success_rate": 0.9444444444444444,
        "mean_collisions": 0.0
      }
    }
  },
  "calibrated_raw": {
    "success_rate": 0.9074074074074074,
    "mean_steps": 102.19444444444444,
    "mean_collisions": 0.0,
    "mean_path_length": 44.96555555555548,
    "mean_revisit_ratio": 0.19990627522671134,
    "mean_reversals": 1.5555555555555556,
    "by_family": {
      "u_trap": {
        "success_rate": 1.0,
        "mean_collisions": 0.0
      },
      "c_shape": {
        "success_rate": 0.8888888888888888,
        "mean_collisions": 0.0
      },
      "l_wall": {
        "success_rate": 0.9444444444444444,
        "mean_collisions": 0.0
      },
      "zigzag_gate": {
        "success_rate": 0.7777777777777778,
        "mean_collisions": 0.0
      },
      "offset_barriers": {
        "success_rate": 0.8888888888888888,
        "mean_collisions": 0.0
      },
      "narrow_corridor": {
        "success_rate": 0.9444444444444444,
        "mean_collisions": 0.0
      }
    }
  },
  "calibrated_mpc": {
    "success_rate": 0.9444444444444444,
    "mean_steps": 92.82407407407408,
    "mean_collisions": 0.0,
    "mean_path_length": 40.842592592592545,
    "mean_revisit_ratio": 0.229668979460473,
    "mean_reversals": 2.3518518518518516,
    "by_family": {
      "u_trap": {
        "success_rate": 1.0,
        "mean_collisions": 0.0
      },
      "c_shape": {
        "success_rate": 1.0,
        "mean_collisions": 0.0
      },
      "l_wall": {
        "success_rate": 0.9444444444444444,
        "mean_collisions": 0.0
      },
      "zigzag_gate": {
        "success_rate": 0.7777777777777778,
        "mean_collisions": 0.0
      },
      "offset_barriers": {
        "success_rate": 0.9444444444444444,
        "mean_collisions": 0.0
      },
      "narrow_corridor": {
        "success_rate": 1.0,
        "mean_collisions": 0.0
      }
    }
  }
}
