{
  "config": {
    "policy_weight": 0.18,
    "jerk_weight": 0.12,
    "horizon": 4
  },
  "evaluation": {
    "success_rate": 0.9537037037037037,
    "mean_steps": 86.27777777777777,
    "mean_collisions": 0.0,
    "mean_path_length": 37.96222222222219,
    "mean_revisit_ratio": 0.20516176882297757,
    "mean_reversals": 1.3518518518518519,
    "by_family": {
      "u_trap": {
        "success_rate": 1.0,
        "mean_collisions": 0.0
      },
      "c_shape": {
        "success_rate": 1.0,
        "mean_collisions": 0.0
      },
      "l_wall": {
        "success_rate": 0.9444444444444444,
        "mean_collisions": 0.0
      },
      "zigzag_gate": {
        "success_rate": 0.9444444444444444,
        "mean_collisions": 0.0
      },
      "offset_barriers": {
        "success_rate": 0.8888888888888888,
        "mean_collisions": 0.0
      },
      "narrow_corridor": {
        "success_rate": 0.9444444444444444,
        "mean_collisions": 0.0
      }
    }
  }
}
